game,source_mod,source_path,target,output_path,replacements
Animal Crossing New Horizons [01006F8002326000][mods],[21.9 Ultrawide v3.0.0],[21.9 Ultrawide v3.0.0]/exefs/3.0.0.pchtxt,3-2,generated-narrow-aspect/Animal Crossing New Horizons [01006F8002326000][mods]/[3:2 WIP v3.0.0]/exefs/3.0.0.pchtxt,2
Animal Crossing New Horizons [01006F8002326000][mods],[21.9 Ultrawide v3.0.0],[21.9 Ultrawide v3.0.0]/exefs/3.0.0.pchtxt,4-3,generated-narrow-aspect/Animal Crossing New Horizons [01006F8002326000][mods]/[4:3 WIP v3.0.0]/exefs/3.0.0.pchtxt,2
Another Crab's Treasure [0100A21017C42000][mods],[21.9 Ultrawide v1.0.103.9],[21.9 Ultrawide v1.0.103.9]/exefs/1.0.103.9.pchtxt,3-2,generated-narrow-aspect/Another Crab's Treasure [0100A21017C42000][mods]/[3:2 WIP v1.0.103.9]/exefs/1.0.103.9.pchtxt,1
Another Crab's Treasure [0100A21017C42000][mods],[21.9 Ultrawide v1.0.103.9],[21.9 Ultrawide v1.0.103.9]/exefs/1.0.103.9.pchtxt,4-3,generated-narrow-aspect/Another Crab's Treasure [0100A21017C42000][mods]/[4:3 WIP v1.0.103.9]/exefs/1.0.103.9.pchtxt,1
Another Crab's Treasure [0100A21017C42000][mods],[21.9 Ultrawide v1.0.103.9],[21.9 Ultrawide v1.0.103.9]/exefs/1.0.74.3.pchtxt,3-2,generated-narrow-aspect/Another Crab's Treasure [0100A21017C42000][mods]/[3:2 WIP v1.0.103.9]/exefs/1.0.74.3.pchtxt,1
Another Crab's Treasure [0100A21017C42000][mods],[21.9 Ultrawide v1.0.103.9],[21.9 Ultrawide v1.0.103.9]/exefs/1.0.74.3.pchtxt,4-3,generated-narrow-aspect/Another Crab's Treasure [0100A21017C42000][mods]/[4:3 WIP v1.0.103.9]/exefs/1.0.74.3.pchtxt,1
Bayonetta Origins Cereza and the Lost Demon [0100CF5010FEC000][mods],[21.9 Ultrawide v1.0.0],[21.9 Ultrawide v1.0.0]/exefs/1.0.0.pchtxt,3-2,generated-narrow-aspect/Bayonetta Origins Cereza and the Lost Demon [0100CF5010FEC000][mods]/[3:2 WIP v1.0.0]/exefs/1.0.0.pchtxt,11
Bayonetta Origins Cereza and the Lost Demon [0100CF5010FEC000][mods],[21.9 Ultrawide v1.0.0],[21.9 Ultrawide v1.0.0]/exefs/1.0.0.pchtxt,4-3,generated-narrow-aspect/Bayonetta Origins Cereza and the Lost Demon [0100CF5010FEC000][mods]/[4:3 WIP v1.0.0]/exefs/1.0.0.pchtxt,11
Bomb Rush Cyberfunk [0100317014B7C000][mods],[21.9 Ultrawide v1.0.19975],[21.9 Ultrawide v1.0.19975]/exefs/1.0.19975.pchtxt,3-2,generated-narrow-aspect/Bomb Rush Cyberfunk [0100317014B7C000][mods]/[3:2 WIP v1.0.19975]/exefs/1.0.19975.pchtxt,1
Bomb Rush Cyberfunk [0100317014B7C000][mods],[21.9 Ultrawide v1.0.19975],[21.9 Ultrawide v1.0.19975]/exefs/1.0.19975.pchtxt,4-3,generated-narrow-aspect/Bomb Rush Cyberfunk [0100317014B7C000][mods]/[4:3 WIP v1.0.19975]/exefs/1.0.19975.pchtxt,1
Cruis'n Blast [0100B41013C82000][mods],[21.9 Ultrawide Default HUD v1.07],[21.9 Ultrawide Default HUD v1.07]/exefs/1.0.1.pchtxt,3-2,generated-narrow-aspect/Cruis'n Blast [0100B41013C82000][mods]/[3:2 WIP Default HUD v1.07]/exefs/1.0.1.pchtxt,1
Cruis'n Blast [0100B41013C82000][mods],[21.9 Ultrawide Default HUD v1.07],[21.9 Ultrawide Default HUD v1.07]/exefs/1.0.1.pchtxt,4-3,generated-narrow-aspect/Cruis'n Blast [0100B41013C82000][mods]/[4:3 WIP Default HUD v1.07]/exefs/1.0.1.pchtxt,1
DEAD OR ALIVE Xtreme 3 Scarlet 基本無料版 [01009CC00C97C000][JPN][mods],[21.9 Ultrawide v1.0.6],[21.9 Ultrawide v1.0.6]/exefs/1.0.2.pchtxt,3-2,generated-narrow-aspect/DEAD OR ALIVE Xtreme 3 Scarlet 基本無料版 [01009CC00C97C000][JPN][mods]/[3:2 WIP v1.0.6]/exefs/1.0.2.pchtxt,1
DEAD OR ALIVE Xtreme 3 Scarlet 基本無料版 [01009CC00C97C000][JPN][mods],[21.9 Ultrawide v1.0.6],[21.9 Ultrawide v1.0.6]/exefs/1.0.2.pchtxt,4-3,generated-narrow-aspect/DEAD OR ALIVE Xtreme 3 Scarlet 基本無料版 [01009CC00C97C000][JPN][mods]/[4:3 WIP v1.0.6]/exefs/1.0.2.pchtxt,1
DRAGON QUEST MONSTERS The Dark Prince [0100A77018EA0000][mods],[21.9 Ultrawide v1.0.4],[21.9 Ultrawide v1.0.4]/exefs/1.0.2.pchtxt,3-2,generated-narrow-aspect/DRAGON QUEST MONSTERS The Dark Prince [0100A77018EA0000][mods]/[3:2 WIP v1.0.4]/exefs/1.0.2.pchtxt,6
DRAGON QUEST MONSTERS The Dark Prince [0100A77018EA0000][mods],[21.9 Ultrawide v1.0.4],[21.9 Ultrawide v1.0.4]/exefs/1.0.2.pchtxt,4-3,generated-narrow-aspect/DRAGON QUEST MONSTERS The Dark Prince [0100A77018EA0000][mods]/[4:3 WIP v1.0.4]/exefs/1.0.2.pchtxt,6
Diablo III Eternal Collection [01001B300B9BE000][mods],[3440x1440 21.9 Ultrawide v2.7.7.92380],[3440x1440 21.9 Ultrawide v2.7.7.92380]/exefs/2.7.7.92380.pchtxt,3-2,generated-narrow-aspect/Diablo III Eternal Collection [01001B300B9BE000][mods]/[3:2 WIP from 3440x1440 v2.7.7.92380]/exefs/2.7.7.92380.pchtxt,1
Diablo III Eternal Collection [01001B300B9BE000][mods],[3440x1440 21.9 Ultrawide v2.7.7.92380],[3440x1440 21.9 Ultrawide v2.7.7.92380]/exefs/2.7.7.92380.pchtxt,4-3,generated-narrow-aspect/Diablo III Eternal Collection [01001B300B9BE000][mods]/[4:3 WIP from 3440x1440 v2.7.7.92380]/exefs/2.7.7.92380.pchtxt,1
Diablo III Eternal Collection [01001B300B9BE000][mods],[5160x2160 21.9 Ultrawide v2.7.7.92380],[5160x2160 21.9 Ultrawide v2.7.7.92380]/exefs/2.7.7.92380.pchtxt,3-2,generated-narrow-aspect/Diablo III Eternal Collection [01001B300B9BE000][mods]/[3:2 WIP from 5160x2160 v2.7.7.92380]/exefs/2.7.7.92380.pchtxt,1
Diablo III Eternal Collection [01001B300B9BE000][mods],[5160x2160 21.9 Ultrawide v2.7.7.92380],[5160x2160 21.9 Ultrawide v2.7.7.92380]/exefs/2.7.7.92380.pchtxt,4-3,generated-narrow-aspect/Diablo III Eternal Collection [01001B300B9BE000][mods]/[4:3 WIP from 5160x2160 v2.7.7.92380]/exefs/2.7.7.92380.pchtxt,1
Donkey Kong Country Returns HD [01009D901BC56000][mods],[3440x1440 21.9 Ultrawide v1.0.0],[3440x1440 21.9 Ultrawide v1.0.0]/exefs/1.0.0.pchtxt,3-2,generated-narrow-aspect/Donkey Kong Country Returns HD [01009D901BC56000][mods]/[3:2 WIP from 3440x1440 v1.0.0]/exefs/1.0.0.pchtxt,5
Donkey Kong Country Returns HD [01009D901BC56000][mods],[3440x1440 21.9 Ultrawide v1.0.0],[3440x1440 21.9 Ultrawide v1.0.0]/exefs/1.0.0.pchtxt,4-3,generated-narrow-aspect/Donkey Kong Country Returns HD [01009D901BC56000][mods]/[4:3 WIP from 3440x1440 v1.0.0]/exefs/1.0.0.pchtxt,5
Donkey Kong Country Returns HD [01009D901BC56000][mods],[6880x2880 21.9 Ultrawide v1.0.0],[6880x2880 21.9 Ultrawide v1.0.0]/exefs/1.0.0.pchtxt,3-2,generated-narrow-aspect/Donkey Kong Country Returns HD [01009D901BC56000][mods]/[3:2 WIP from 6880x2880 v1.0.0]/exefs/1.0.0.pchtxt,5
Donkey Kong Country Returns HD [01009D901BC56000][mods],[6880x2880 21.9 Ultrawide v1.0.0],[6880x2880 21.9 Ultrawide v1.0.0]/exefs/1.0.0.pchtxt,4-3,generated-narrow-aspect/Donkey Kong Country Returns HD [01009D901BC56000][mods]/[4:3 WIP from 6880x2880 v1.0.0]/exefs/1.0.0.pchtxt,5
Eiyuden Chronicle Hundred Heroes [0100ED9018F3E000][mods],[3440x1440 Ultrawide v1.0.3],[3440x1440 Ultrawide v1.0.3]/exefs/1.0.3.pchtxt,3-2,generated-narrow-aspect/Eiyuden Chronicle Hundred Heroes [0100ED9018F3E000][mods]/[3:2 WIP from 3440x1440 v1.0.3]/exefs/1.0.3.pchtxt,3
Eiyuden Chronicle Hundred Heroes [0100ED9018F3E000][mods],[3440x1440 Ultrawide v1.0.3],[3440x1440 Ultrawide v1.0.3]/exefs/1.0.3.pchtxt,4-3,generated-narrow-aspect/Eiyuden Chronicle Hundred Heroes [0100ED9018F3E000][mods]/[4:3 WIP from 3440x1440 v1.0.3]/exefs/1.0.3.pchtxt,3
Endless Ocean Luminous [010067B017588000][mods],[21.9 Ultrawide Adjusted HUD v1.0.1],[21.9 Ultrawide Adjusted HUD v1.0.1]/exefs/1.0.0.pchtxt,3-2,generated-narrow-aspect/Endless Ocean Luminous [010067B017588000][mods]/[3:2 WIP Adjusted HUD v1.0.1]/exefs/1.0.0.pchtxt,5
Endless Ocean Luminous [010067B017588000][mods],[21.9 Ultrawide Adjusted HUD v1.0.1],[21.9 Ultrawide Adjusted HUD v1.0.1]/exefs/1.0.0.pchtxt,4-3,generated-narrow-aspect/Endless Ocean Luminous [010067B017588000][mods]/[4:3 WIP Adjusted HUD v1.0.1]/exefs/1.0.0.pchtxt,5
Endless Ocean Luminous [010067B017588000][mods],[21.9 Ultrawide Adjusted HUD v1.0.1],[21.9 Ultrawide Adjusted HUD v1.0.1]/exefs/1.0.1.pchtxt,3-2,generated-narrow-aspect/Endless Ocean Luminous [010067B017588000][mods]/[3:2 WIP Adjusted HUD v1.0.1]/exefs/1.0.1.pchtxt,5
Endless Ocean Luminous [010067B017588000][mods],[21.9 Ultrawide Adjusted HUD v1.0.1],[21.9 Ultrawide Adjusted HUD v1.0.1]/exefs/1.0.1.pchtxt,4-3,generated-narrow-aspect/Endless Ocean Luminous [010067B017588000][mods]/[4:3 WIP Adjusted HUD v1.0.1]/exefs/1.0.1.pchtxt,5
FANTASY LIFE i The Girl Who Steals Time [0100755017EE0000][mods],[2580x1080 Ultrawide Adjusted HUD v1.3.3],[2580x1080 Ultrawide Adjusted HUD v1.3.3]/exefs/1.1.0.pchtxt,3-2,generated-narrow-aspect/FANTASY LIFE i The Girl Who Steals Time [0100755017EE0000][mods]/[3:2 WIP from 2580x1080 Adjusted HUD v1.3.3]/exefs/1.1.0.pchtxt,1
FANTASY LIFE i The Girl Who Steals Time [0100755017EE0000][mods],[2580x1080 Ultrawide Adjusted HUD v1.3.3],[2580x1080 Ultrawide Adjusted HUD v1.3.3]/exefs/1.1.0.pchtxt,4-3,generated-narrow-aspect/FANTASY LIFE i The Girl Who Steals Time [0100755017EE0000][mods]/[4:3 WIP from 2580x1080 Adjusted HUD v1.3.3]/exefs/1.1.0.pchtxt,1
FANTASY LIFE i The Girl Who Steals Time [0100755017EE0000][mods],[2580x1080 Ultrawide Adjusted HUD v1.3.3],[2580x1080 Ultrawide Adjusted HUD v1.3.3]/exefs/1.3.3.pchtxt,3-2,generated-narrow-aspect/FANTASY LIFE i The Girl Who Steals Time [0100755017EE0000][mods]/[3:2 WIP from 2580x1080 Adjusted HUD v1.3.3]/exefs/1.3.3.pchtxt,1
FANTASY LIFE i The Girl Who Steals Time [0100755017EE0000][mods],[2580x1080 Ultrawide Adjusted HUD v1.3.3],[2580x1080 Ultrawide Adjusted HUD v1.3.3]/exefs/1.3.3.pchtxt,4-3,generated-narrow-aspect/FANTASY LIFE i The Girl Who Steals Time [0100755017EE0000][mods]/[4:3 WIP from 2580x1080 Adjusted HUD v1.3.3]/exefs/1.3.3.pchtxt,1
FANTASY LIFE i The Girl Who Steals Time [0100755017EE0000][mods],[3440x1440 Ultrawide Adjusted HUD v1.3.3],[3440x1440 Ultrawide Adjusted HUD v1.3.3]/exefs/1.1.0.pchtxt,3-2,generated-narrow-aspect/FANTASY LIFE i The Girl Who Steals Time [0100755017EE0000][mods]/[3:2 WIP from 3440x1440 Adjusted HUD v1.3.3]/exefs/1.1.0.pchtxt,2
FANTASY LIFE i The Girl Who Steals Time [0100755017EE0000][mods],[3440x1440 Ultrawide Adjusted HUD v1.3.3],[3440x1440 Ultrawide Adjusted HUD v1.3.3]/exefs/1.1.0.pchtxt,4-3,generated-narrow-aspect/FANTASY LIFE i The Girl Who Steals Time [0100755017EE0000][mods]/[4:3 WIP from 3440x1440 Adjusted HUD v1.3.3]/exefs/1.1.0.pchtxt,2
FANTASY LIFE i The Girl Who Steals Time [0100755017EE0000][mods],[3440x1440 Ultrawide Adjusted HUD v1.3.3],[3440x1440 Ultrawide Adjusted HUD v1.3.3]/exefs/1.3.3.pchtxt,3-2,generated-narrow-aspect/FANTASY LIFE i The Girl Who Steals Time [0100755017EE0000][mods]/[3:2 WIP from 3440x1440 Adjusted HUD v1.3.3]/exefs/1.3.3.pchtxt,2
FANTASY LIFE i The Girl Who Steals Time [0100755017EE0000][mods],[3440x1440 Ultrawide Adjusted HUD v1.3.3],[3440x1440 Ultrawide Adjusted HUD v1.3.3]/exefs/1.3.3.pchtxt,4-3,generated-narrow-aspect/FANTASY LIFE i The Girl Who Steals Time [0100755017EE0000][mods]/[4:3 WIP from 3440x1440 Adjusted HUD v1.3.3]/exefs/1.3.3.pchtxt,2
FIFA 23 Legacy Edition [01001C8016B4E000][mods],[21.9 Ultrawide v1.0.3],[21.9 Ultrawide v1.0.3]/exefs/1.0.3.pchtxt,3-2,generated-narrow-aspect/FIFA 23 Legacy Edition [01001C8016B4E000][mods]/[3:2 WIP v1.0.3]/exefs/1.0.3.pchtxt,1
FIFA 23 Legacy Edition [01001C8016B4E000][mods],[21.9 Ultrawide v1.0.3],[21.9 Ultrawide v1.0.3]/exefs/1.0.3.pchtxt,4-3,generated-narrow-aspect/FIFA 23 Legacy Edition [01001C8016B4E000][mods]/[4:3 WIP v1.0.3]/exefs/1.0.3.pchtxt,1
Fire Emblem Engage [0100A6301214E000][mods],[21.9 Ultrawide v2.0.0],[21.9 Ultrawide v2.0.0]/exefs/2.0.0.pchtxt,3-2,generated-narrow-aspect/Fire Emblem Engage [0100A6301214E000][mods]/[3:2 WIP v2.0.0]/exefs/2.0.0.pchtxt,1
Fire Emblem Engage [0100A6301214E000][mods],[21.9 Ultrawide v2.0.0],[21.9 Ultrawide v2.0.0]/exefs/2.0.0.pchtxt,4-3,generated-narrow-aspect/Fire Emblem Engage [0100A6301214E000][mods]/[4:3 WIP v2.0.0]/exefs/2.0.0.pchtxt,1
Fire Emblem Warriors [0100F15003E64000][mods],[21.9 Ultrawide v1.5.0],[21.9 Ultrawide v1.5.0]/exefs/1.5.0.pchtxt,3-2,generated-narrow-aspect/Fire Emblem Warriors [0100F15003E64000][mods]/[3:2 WIP v1.5.0]/exefs/1.5.0.pchtxt,1
Fire Emblem Warriors [0100F15003E64000][mods],[21.9 Ultrawide v1.5.0],[21.9 Ultrawide v1.5.0]/exefs/1.5.0.pchtxt,4-3,generated-narrow-aspect/Fire Emblem Warriors [0100F15003E64000][mods]/[4:3 WIP v1.5.0]/exefs/1.5.0.pchtxt,1
Hollow Knight Silksong [010013C00E930000][mods],[3440x1440 21.9 Ultrawide v1.0.28497],[3440x1440 21.9 Ultrawide v1.0.28497]/exefs/1.0.27776.pchtxt,3-2,generated-narrow-aspect/Hollow Knight Silksong [010013C00E930000][mods]/[3:2 WIP from 3440x1440 v1.0.28497]/exefs/1.0.27776.pchtxt,2
Hollow Knight Silksong [010013C00E930000][mods],[3440x1440 21.9 Ultrawide v1.0.28497],[3440x1440 21.9 Ultrawide v1.0.28497]/exefs/1.0.27776.pchtxt,4-3,generated-narrow-aspect/Hollow Knight Silksong [010013C00E930000][mods]/[4:3 WIP from 3440x1440 v1.0.28497]/exefs/1.0.27776.pchtxt,2
Hollow Knight Silksong [010013C00E930000][mods],[3440x1440 21.9 Ultrawide v1.0.28497],[3440x1440 21.9 Ultrawide v1.0.28497]/exefs/1.0.28324.pchtxt,3-2,generated-narrow-aspect/Hollow Knight Silksong [010013C00E930000][mods]/[3:2 WIP from 3440x1440 v1.0.28497]/exefs/1.0.28324.pchtxt,2
Hollow Knight Silksong [010013C00E930000][mods],[3440x1440 21.9 Ultrawide v1.0.28497],[3440x1440 21.9 Ultrawide v1.0.28497]/exefs/1.0.28324.pchtxt,4-3,generated-narrow-aspect/Hollow Knight Silksong [010013C00E930000][mods]/[4:3 WIP from 3440x1440 v1.0.28497]/exefs/1.0.28324.pchtxt,2
Hollow Knight Silksong [010013C00E930000][mods],[3440x1440 21.9 Ultrawide v1.0.28497],[3440x1440 21.9 Ultrawide v1.0.28497]/exefs/1.0.28497.pchtxt,3-2,generated-narrow-aspect/Hollow Knight Silksong [010013C00E930000][mods]/[3:2 WIP from 3440x1440 v1.0.28497]/exefs/1.0.28497.pchtxt,2
Hollow Knight Silksong [010013C00E930000][mods],[3440x1440 21.9 Ultrawide v1.0.28497],[3440x1440 21.9 Ultrawide v1.0.28497]/exefs/1.0.28497.pchtxt,4-3,generated-narrow-aspect/Hollow Knight Silksong [010013C00E930000][mods]/[4:3 WIP from 3440x1440 v1.0.28497]/exefs/1.0.28497.pchtxt,2
INAZUMA ELEVEN Victory Road [0100B36008F90000][mods],[21.9 Ultrawide v1.2.0],[21.9 Ultrawide v1.2.0]/exefs/1.2.0.pchtxt,3-2,generated-narrow-aspect/INAZUMA ELEVEN Victory Road [0100B36008F90000][mods]/[3:2 WIP v1.2.0]/exefs/1.2.0.pchtxt,7
INAZUMA ELEVEN Victory Road [0100B36008F90000][mods],[21.9 Ultrawide v1.2.0],[21.9 Ultrawide v1.2.0]/exefs/1.2.0.pchtxt,4-3,generated-narrow-aspect/INAZUMA ELEVEN Victory Road [0100B36008F90000][mods]/[4:3 WIP v1.2.0]/exefs/1.2.0.pchtxt,7
Kirby’s Return to Dream Land Deluxe [01006B601380E000][mods],[21.9 Ultrawide v1.0.0],[21.9 Ultrawide v1.0.0]/exefs/1.0.0.pchtxt,3-2,generated-narrow-aspect/Kirby’s Return to Dream Land Deluxe [01006B601380E000][mods]/[3:2 WIP v1.0.0]/exefs/1.0.0.pchtxt,15
Kirby’s Return to Dream Land Deluxe [01006B601380E000][mods],[21.9 Ultrawide v1.0.0],[21.9 Ultrawide v1.0.0]/exefs/1.0.0.pchtxt,4-3,generated-narrow-aspect/Kirby’s Return to Dream Land Deluxe [01006B601380E000][mods]/[4:3 WIP v1.0.0]/exefs/1.0.0.pchtxt,15
Mario Party Superstars [01006FE013472000][mods],[21.9 Ultrawide v1.1.1],[21.9 Ultrawide v1.1.1]/exefs/1.1.1.pchtxt,3-2,generated-narrow-aspect/Mario Party Superstars [01006FE013472000][mods]/[3:2 WIP v1.1.1]/exefs/1.1.1.pchtxt,1
Mario Party Superstars [01006FE013472000][mods],[21.9 Ultrawide v1.1.1],[21.9 Ultrawide v1.1.1]/exefs/1.1.1.pchtxt,4-3,generated-narrow-aspect/Mario Party Superstars [01006FE013472000][mods]/[4:3 WIP v1.1.1]/exefs/1.1.1.pchtxt,1
Mario and Luigi Brothership [01006D0017F7A000][mods],[3440x1440 Ultrawide v1.0.1],[3440x1440 Ultrawide v1.0.1]/exefs/1.0.0.pchtxt,3-2,generated-narrow-aspect/Mario and Luigi Brothership [01006D0017F7A000][mods]/[3:2 WIP from 3440x1440 v1.0.1]/exefs/1.0.0.pchtxt,1
Mario and Luigi Brothership [01006D0017F7A000][mods],[3440x1440 Ultrawide v1.0.1],[3440x1440 Ultrawide v1.0.1]/exefs/1.0.0.pchtxt,4-3,generated-narrow-aspect/Mario and Luigi Brothership [01006D0017F7A000][mods]/[4:3 WIP from 3440x1440 v1.0.1]/exefs/1.0.0.pchtxt,1
Mario and Luigi Brothership [01006D0017F7A000][mods],[3440x1440 Ultrawide v1.0.1],[3440x1440 Ultrawide v1.0.1]/exefs/1.0.1.pchtxt,3-2,generated-narrow-aspect/Mario and Luigi Brothership [01006D0017F7A000][mods]/[3:2 WIP from 3440x1440 v1.0.1]/exefs/1.0.1.pchtxt,1
Mario and Luigi Brothership [01006D0017F7A000][mods],[3440x1440 Ultrawide v1.0.1],[3440x1440 Ultrawide v1.0.1]/exefs/1.0.1.pchtxt,4-3,generated-narrow-aspect/Mario and Luigi Brothership [01006D0017F7A000][mods]/[4:3 WIP from 3440x1440 v1.0.1]/exefs/1.0.1.pchtxt,1
Mario vs. Donkey Kong [0100B99019412000][mods],[21.9 Ultrawide v1.0.1] Original Camera,[21.9 Ultrawide v1.0.1] Original Camera/exefs/1.0.0.pchtxt,3-2,generated-narrow-aspect/Mario vs. Donkey Kong [0100B99019412000][mods]/[3:2 WIP v1.0.1] Original Camera/exefs/1.0.0.pchtxt,2
Mario vs. Donkey Kong [0100B99019412000][mods],[21.9 Ultrawide v1.0.1] Original Camera,[21.9 Ultrawide v1.0.1] Original Camera/exefs/1.0.0.pchtxt,4-3,generated-narrow-aspect/Mario vs. Donkey Kong [0100B99019412000][mods]/[4:3 WIP v1.0.1] Original Camera/exefs/1.0.0.pchtxt,2
Mario vs. Donkey Kong [0100B99019412000][mods],[21.9 Ultrawide v1.0.1] Original Camera,[21.9 Ultrawide v1.0.1] Original Camera/exefs/1.0.1.pchtxt,3-2,generated-narrow-aspect/Mario vs. Donkey Kong [0100B99019412000][mods]/[3:2 WIP v1.0.1] Original Camera/exefs/1.0.1.pchtxt,2
Mario vs. Donkey Kong [0100B99019412000][mods],[21.9 Ultrawide v1.0.1] Original Camera,[21.9 Ultrawide v1.0.1] Original Camera/exefs/1.0.1.pchtxt,4-3,generated-narrow-aspect/Mario vs. Donkey Kong [0100B99019412000][mods]/[4:3 WIP v1.0.1] Original Camera/exefs/1.0.1.pchtxt,2
Mario vs. Donkey Kong [0100B99019412000][mods],[21.9 Ultrawide v1.0.1] Ultrawide Camera,[21.9 Ultrawide v1.0.1] Ultrawide Camera/exefs/1.0.0.pchtxt,3-2,generated-narrow-aspect/Mario vs. Donkey Kong [0100B99019412000][mods]/[3:2 WIP v1.0.1] 3:2 WIP Camera/exefs/1.0.0.pchtxt,2
Mario vs. Donkey Kong [0100B99019412000][mods],[21.9 Ultrawide v1.0.1] Ultrawide Camera,[21.9 Ultrawide v1.0.1] Ultrawide Camera/exefs/1.0.0.pchtxt,4-3,generated-narrow-aspect/Mario vs. Donkey Kong [0100B99019412000][mods]/[4:3 WIP v1.0.1] 4:3 WIP Camera/exefs/1.0.0.pchtxt,2
Mario vs. Donkey Kong [0100B99019412000][mods],[21.9 Ultrawide v1.0.1] Ultrawide Camera,[21.9 Ultrawide v1.0.1] Ultrawide Camera/exefs/1.0.1.pchtxt,3-2,generated-narrow-aspect/Mario vs. Donkey Kong [0100B99019412000][mods]/[3:2 WIP v1.0.1] 3:2 WIP Camera/exefs/1.0.1.pchtxt,2
Mario vs. Donkey Kong [0100B99019412000][mods],[21.9 Ultrawide v1.0.1] Ultrawide Camera,[21.9 Ultrawide v1.0.1] Ultrawide Camera/exefs/1.0.1.pchtxt,4-3,generated-narrow-aspect/Mario vs. Donkey Kong [0100B99019412000][mods]/[4:3 WIP v1.0.1] 4:3 WIP Camera/exefs/1.0.1.pchtxt,2
Metroid Prime 4 Beyond [010019A01E2F2000][mods],[3440x1440 Ultrawide v1.1.0],[3440x1440 Ultrawide v1.1.0]/exefs/1.1.0.pchtxt,3-2,generated-narrow-aspect/Metroid Prime 4 Beyond [010019A01E2F2000][mods]/[3:2 WIP from 3440x1440 v1.1.0]/exefs/1.1.0.pchtxt,1
Metroid Prime 4 Beyond [010019A01E2F2000][mods],[3440x1440 Ultrawide v1.1.0],[3440x1440 Ultrawide v1.1.0]/exefs/1.1.0.pchtxt,4-3,generated-narrow-aspect/Metroid Prime 4 Beyond [010019A01E2F2000][mods]/[4:3 WIP from 3440x1440 v1.1.0]/exefs/1.1.0.pchtxt,1
Metroid Prime 4 Beyond [010019A01E2F2000][mods],[6880x2880 Ultrawide v1.1.0],[6880x2880 Ultrawide v1.1.0]/exefs/1.1.0.pchtxt,3-2,generated-narrow-aspect/Metroid Prime 4 Beyond [010019A01E2F2000][mods]/[3:2 WIP from 6880x2880 v1.1.0]/exefs/1.1.0.pchtxt,1
Metroid Prime 4 Beyond [010019A01E2F2000][mods],[6880x2880 Ultrawide v1.1.0],[6880x2880 Ultrawide v1.1.0]/exefs/1.1.0.pchtxt,4-3,generated-narrow-aspect/Metroid Prime 4 Beyond [010019A01E2F2000][mods]/[4:3 WIP from 6880x2880 v1.1.0]/exefs/1.1.0.pchtxt,1
Metroid Prime Remastered [010012101468C000][mods],[3440x1440 21.9 Ultrawide Adjusted HUD v1.0.0],[3440x1440 21.9 Ultrawide Adjusted HUD v1.0.0]/exefs/1.0.0.pchtxt,3-2,generated-narrow-aspect/Metroid Prime Remastered [010012101468C000][mods]/[3:2 WIP from 3440x1440 Adjusted HUD v1.0.0]/exefs/1.0.0.pchtxt,3
Metroid Prime Remastered [010012101468C000][mods],[3440x1440 21.9 Ultrawide Adjusted HUD v1.0.0],[3440x1440 21.9 Ultrawide Adjusted HUD v1.0.0]/exefs/1.0.0.pchtxt,4-3,generated-narrow-aspect/Metroid Prime Remastered [010012101468C000][mods]/[4:3 WIP from 3440x1440 Adjusted HUD v1.0.0]/exefs/1.0.0.pchtxt,3
Metroid Prime Remastered [010012101468C000][mods],[3440x1440 21.9 Ultrawide Default HUD v1.0.0],[3440x1440 21.9 Ultrawide Default HUD v1.0.0]/exefs/1.0.0.pchtxt,3-2,generated-narrow-aspect/Metroid Prime Remastered [010012101468C000][mods]/[3:2 WIP from 3440x1440 Default HUD v1.0.0]/exefs/1.0.0.pchtxt,3
Metroid Prime Remastered [010012101468C000][mods],[3440x1440 21.9 Ultrawide Default HUD v1.0.0],[3440x1440 21.9 Ultrawide Default HUD v1.0.0]/exefs/1.0.0.pchtxt,4-3,generated-narrow-aspect/Metroid Prime Remastered [010012101468C000][mods]/[4:3 WIP from 3440x1440 Default HUD v1.0.0]/exefs/1.0.0.pchtxt,3
Metroid Prime Remastered [010012101468C000][mods],[6880x2880 21.9 Ultrawide Adjusted HUD v1.0.0],[6880x2880 21.9 Ultrawide Adjusted HUD v1.0.0]/exefs/1.0.0.pchtxt,3-2,generated-narrow-aspect/Metroid Prime Remastered [010012101468C000][mods]/[3:2 WIP from 6880x2880 Adjusted HUD v1.0.0]/exefs/1.0.0.pchtxt,3
Metroid Prime Remastered [010012101468C000][mods],[6880x2880 21.9 Ultrawide Adjusted HUD v1.0.0],[6880x2880 21.9 Ultrawide Adjusted HUD v1.0.0]/exefs/1.0.0.pchtxt,4-3,generated-narrow-aspect/Metroid Prime Remastered [010012101468C000][mods]/[4:3 WIP from 6880x2880 Adjusted HUD v1.0.0]/exefs/1.0.0.pchtxt,3
Nikoderiko the Magical World [01009FA01FF6C000][mods],[2580x1080 Ultrawide Adjusted HUD v1.0.2],[2580x1080 Ultrawide Adjusted HUD v1.0.2]/exefs/1.0.0.pchtxt,3-2,generated-narrow-aspect/Nikoderiko the Magical World [01009FA01FF6C000][mods]/[3:2 WIP from 2580x1080 Adjusted HUD v1.0.2]/exefs/1.0.0.pchtxt,1
Nikoderiko the Magical World [01009FA01FF6C000][mods],[2580x1080 Ultrawide Adjusted HUD v1.0.2],[2580x1080 Ultrawide Adjusted HUD v1.0.2]/exefs/1.0.0.pchtxt,4-3,generated-narrow-aspect/Nikoderiko the Magical World [01009FA01FF6C000][mods]/[4:3 WIP from 2580x1080 Adjusted HUD v1.0.2]/exefs/1.0.0.pchtxt,1
Nikoderiko the Magical World [01009FA01FF6C000][mods],[2580x1080 Ultrawide Adjusted HUD v1.0.2],[2580x1080 Ultrawide Adjusted HUD v1.0.2]/exefs/1.0.1.pchtxt,3-2,generated-narrow-aspect/Nikoderiko the Magical World [01009FA01FF6C000][mods]/[3:2 WIP from 2580x1080 Adjusted HUD v1.0.2]/exefs/1.0.1.pchtxt,1
Nikoderiko the Magical World [01009FA01FF6C000][mods],[2580x1080 Ultrawide Adjusted HUD v1.0.2],[2580x1080 Ultrawide Adjusted HUD v1.0.2]/exefs/1.0.1.pchtxt,4-3,generated-narrow-aspect/Nikoderiko the Magical World [01009FA01FF6C000][mods]/[4:3 WIP from 2580x1080 Adjusted HUD v1.0.2]/exefs/1.0.1.pchtxt,1
Nikoderiko the Magical World [01009FA01FF6C000][mods],[2580x1080 Ultrawide Adjusted HUD v1.0.2],[2580x1080 Ultrawide Adjusted HUD v1.0.2]/exefs/1.0.2.pchtxt,3-2,generated-narrow-aspect/Nikoderiko the Magical World [01009FA01FF6C000][mods]/[3:2 WIP from 2580x1080 Adjusted HUD v1.0.2]/exefs/1.0.2.pchtxt,1
Nikoderiko the Magical World [01009FA01FF6C000][mods],[2580x1080 Ultrawide Adjusted HUD v1.0.2],[2580x1080 Ultrawide Adjusted HUD v1.0.2]/exefs/1.0.2.pchtxt,4-3,generated-narrow-aspect/Nikoderiko the Magical World [01009FA01FF6C000][mods]/[4:3 WIP from 2580x1080 Adjusted HUD v1.0.2]/exefs/1.0.2.pchtxt,1
Nikoderiko the Magical World [01009FA01FF6C000][mods],[2580x1080 Ultrawide Adjusted HUD v1.0.2],[2580x1080 Ultrawide Adjusted HUD v1.0.2]/exefs/1.0.4.pchtxt,3-2,generated-narrow-aspect/Nikoderiko the Magical World [01009FA01FF6C000][mods]/[3:2 WIP from 2580x1080 Adjusted HUD v1.0.2]/exefs/1.0.4.pchtxt,1
Nikoderiko the Magical World [01009FA01FF6C000][mods],[2580x1080 Ultrawide Adjusted HUD v1.0.2],[2580x1080 Ultrawide Adjusted HUD v1.0.2]/exefs/1.0.4.pchtxt,4-3,generated-narrow-aspect/Nikoderiko the Magical World [01009FA01FF6C000][mods]/[4:3 WIP from 2580x1080 Adjusted HUD v1.0.2]/exefs/1.0.4.pchtxt,1
Paper Mario The Origami King [0100A3900C3E2000][mods],[21.9 Ultrawide v1.0.1],[21.9 Ultrawide v1.0.1]/exefs/1.0.1.pchtxt,3-2,generated-narrow-aspect/Paper Mario The Origami King [0100A3900C3E2000][mods]/[3:2 WIP v1.0.1]/exefs/1.0.1.pchtxt,1
Paper Mario The Origami King [0100A3900C3E2000][mods],[21.9 Ultrawide v1.0.1],[21.9 Ultrawide v1.0.1]/exefs/1.0.1.pchtxt,4-3,generated-narrow-aspect/Paper Mario The Origami King [0100A3900C3E2000][mods]/[4:3 WIP v1.0.1]/exefs/1.0.1.pchtxt,1
Paper Mario The Thousand-Year Door [0100ECD018EBE000][mods],[21.9 Ultrawide v1.0.1],[21.9 Ultrawide v1.0.1]/exefs/1.0.0.pchtxt,3-2,generated-narrow-aspect/Paper Mario The Thousand-Year Door [0100ECD018EBE000][mods]/[3:2 WIP v1.0.1]/exefs/1.0.0.pchtxt,1
Paper Mario The Thousand-Year Door [0100ECD018EBE000][mods],[21.9 Ultrawide v1.0.1],[21.9 Ultrawide v1.0.1]/exefs/1.0.0.pchtxt,4-3,generated-narrow-aspect/Paper Mario The Thousand-Year Door [0100ECD018EBE000][mods]/[4:3 WIP v1.0.1]/exefs/1.0.0.pchtxt,1
Paper Mario The Thousand-Year Door [0100ECD018EBE000][mods],[21.9 Ultrawide v1.0.1],[21.9 Ultrawide v1.0.1]/exefs/1.0.1.pchtxt,3-2,generated-narrow-aspect/Paper Mario The Thousand-Year Door [0100ECD018EBE000][mods]/[3:2 WIP v1.0.1]/exefs/1.0.1.pchtxt,20
Paper Mario The Thousand-Year Door [0100ECD018EBE000][mods],[21.9 Ultrawide v1.0.1],[21.9 Ultrawide v1.0.1]/exefs/1.0.1.pchtxt,4-3,generated-narrow-aspect/Paper Mario The Thousand-Year Door [0100ECD018EBE000][mods]/[4:3 WIP v1.0.1]/exefs/1.0.1.pchtxt,20
Pikmin 4 [0100B7C00933A000][mods],[3440x1440 Ultrawide Adjusted HUD v1.0.2],[3440x1440 Ultrawide Adjusted HUD v1.0.2]/exefs/1.0.2.pchtxt,3-2,generated-narrow-aspect/Pikmin 4 [0100B7C00933A000][mods]/[3:2 WIP from 3440x1440 Adjusted HUD v1.0.2]/exefs/1.0.2.pchtxt,1
Pikmin 4 [0100B7C00933A000][mods],[3440x1440 Ultrawide Adjusted HUD v1.0.2],[3440x1440 Ultrawide Adjusted HUD v1.0.2]/exefs/1.0.2.pchtxt,4-3,generated-narrow-aspect/Pikmin 4 [0100B7C00933A000][mods]/[4:3 WIP from 3440x1440 Adjusted HUD v1.0.2]/exefs/1.0.2.pchtxt,1
Pokemon Legends Arceus [01001F5010DFA000][mods],[1920x1080 Ultrawide v1.1.1],[1920x1080 Ultrawide v1.1.1]/exefs/1.1.1.pchtxt,3-2,generated-narrow-aspect/Pokemon Legends Arceus [01001F5010DFA000][mods]/[3:2 WIP from 1920x1080 v1.1.1]/exefs/1.1.1.pchtxt,6
Pokemon Legends Arceus [01001F5010DFA000][mods],[1920x1080 Ultrawide v1.1.1],[1920x1080 Ultrawide v1.1.1]/exefs/1.1.1.pchtxt,4-3,generated-narrow-aspect/Pokemon Legends Arceus [01001F5010DFA000][mods]/[4:3 WIP from 1920x1080 v1.1.1]/exefs/1.1.1.pchtxt,6
Pokemon Legends Arceus [01001F5010DFA000][mods],[21.9 Ultrawide v1.1.1 for Ryujinx],[21.9 Ultrawide v1.1.1 for Ryujinx]/exefs/1.1.1.pchtxt,3-2,generated-narrow-aspect/Pokemon Legends Arceus [01001F5010DFA000][mods]/[3:2 WIP v1.1.1 for Ryujinx]/exefs/1.1.1.pchtxt,6
Pokemon Legends Arceus [01001F5010DFA000][mods],[21.9 Ultrawide v1.1.1 for Ryujinx],[21.9 Ultrawide v1.1.1 for Ryujinx]/exefs/1.1.1.pchtxt,4-3,generated-narrow-aspect/Pokemon Legends Arceus [01001F5010DFA000][mods]/[4:3 WIP v1.1.1 for Ryujinx]/exefs/1.1.1.pchtxt,6
Pokemon Legends Arceus [01001F5010DFA000][mods],[2560x1440 Ultrawide v1.1.1],[2560x1440 Ultrawide v1.1.1]/exefs/1.1.1.pchtxt,3-2,generated-narrow-aspect/Pokemon Legends Arceus [01001F5010DFA000][mods]/[3:2 WIP from 2560x1440 v1.1.1]/exefs/1.1.1.pchtxt,6
Pokemon Legends Arceus [01001F5010DFA000][mods],[2560x1440 Ultrawide v1.1.1],[2560x1440 Ultrawide v1.1.1]/exefs/1.1.1.pchtxt,4-3,generated-narrow-aspect/Pokemon Legends Arceus [01001F5010DFA000][mods]/[4:3 WIP from 2560x1440 v1.1.1]/exefs/1.1.1.pchtxt,6
Pokemon Legends Arceus [01001F5010DFA000][mods],[3440x1440 Ultrawide v1.1.1],[3440x1440 Ultrawide v1.1.1]/exefs/1.1.1.pchtxt,3-2,generated-narrow-aspect/Pokemon Legends Arceus [01001F5010DFA000][mods]/[3:2 WIP from 3440x1440 v1.1.1]/exefs/1.1.1.pchtxt,6
Pokemon Legends Arceus [01001F5010DFA000][mods],[3440x1440 Ultrawide v1.1.1],[3440x1440 Ultrawide v1.1.1]/exefs/1.1.1.pchtxt,4-3,generated-narrow-aspect/Pokemon Legends Arceus [01001F5010DFA000][mods]/[4:3 WIP from 3440x1440 v1.1.1]/exefs/1.1.1.pchtxt,6
Pokemon Legends Arceus [01001F5010DFA000][mods],[3840x2160 Ultrawide v1.1.1],[3840x2160 Ultrawide v1.1.1]/exefs/1.1.1.pchtxt,3-2,generated-narrow-aspect/Pokemon Legends Arceus [01001F5010DFA000][mods]/[3:2 WIP from 3840x2160 v1.1.1]/exefs/1.1.1.pchtxt,6
Pokemon Legends Arceus [01001F5010DFA000][mods],[3840x2160 Ultrawide v1.1.1],[3840x2160 Ultrawide v1.1.1]/exefs/1.1.1.pchtxt,4-3,generated-narrow-aspect/Pokemon Legends Arceus [01001F5010DFA000][mods]/[4:3 WIP from 3840x2160 v1.1.1]/exefs/1.1.1.pchtxt,6
Pokemon Mystery Dungeon Rescue Team DX [01003D200BAA2000][mods],[21.9 Ultrawide v1.0.2],[21.9 Ultrawide v1.0.2]/exefs/1.0.2.pchtxt,3-2,generated-narrow-aspect/Pokemon Mystery Dungeon Rescue Team DX [01003D200BAA2000][mods]/[3:2 WIP v1.0.2]/exefs/1.0.2.pchtxt,1
Pokemon Mystery Dungeon Rescue Team DX [01003D200BAA2000][mods],[21.9 Ultrawide v1.0.2],[21.9 Ultrawide v1.0.2]/exefs/1.0.2.pchtxt,4-3,generated-narrow-aspect/Pokemon Mystery Dungeon Rescue Team DX [01003D200BAA2000][mods]/[4:3 WIP v1.0.2]/exefs/1.0.2.pchtxt,1
Pokemon Shield [01008DB008C2C000][mods],[21.9 Ultrawide v1.3.2],[21.9 Ultrawide v1.3.2]/exefs/1.3.2.pchtxt,3-2,generated-narrow-aspect/Pokemon Shield [01008DB008C2C000][mods]/[3:2 WIP v1.3.2]/exefs/1.3.2.pchtxt,1
Pokemon Shield [01008DB008C2C000][mods],[21.9 Ultrawide v1.3.2],[21.9 Ultrawide v1.3.2]/exefs/1.3.2.pchtxt,4-3,generated-narrow-aspect/Pokemon Shield [01008DB008C2C000][mods]/[4:3 WIP v1.3.2]/exefs/1.3.2.pchtxt,1
Pokemon Sword [0100ABF008968000][mods],[21.9 Ultrawide v1.3.2],[21.9 Ultrawide v1.3.2]/exefs/1.3.2.pchtxt,3-2,generated-narrow-aspect/Pokemon Sword [0100ABF008968000][mods]/[3:2 WIP v1.3.2]/exefs/1.3.2.pchtxt,1
Pokemon Sword [0100ABF008968000][mods],[21.9 Ultrawide v1.3.2],[21.9 Ultrawide v1.3.2]/exefs/1.3.2.pchtxt,4-3,generated-narrow-aspect/Pokemon Sword [0100ABF008968000][mods]/[4:3 WIP v1.3.2]/exefs/1.3.2.pchtxt,1
Princess Peach Showtime! [01007A3009184000][mods],[3440x1440 Ultrawide Adjusted UI v1.0.0],[3440x1440 Ultrawide Adjusted UI v1.0.0]/exefs/1.0.0.pchtxt,3-2,generated-narrow-aspect/Princess Peach Showtime! [01007A3009184000][mods]/[3:2 WIP from 3440x1440 Adjusted UI v1.0.0]/exefs/1.0.0.pchtxt,1
Princess Peach Showtime! [01007A3009184000][mods],[3440x1440 Ultrawide Adjusted UI v1.0.0],[3440x1440 Ultrawide Adjusted UI v1.0.0]/exefs/1.0.0.pchtxt,4-3,generated-narrow-aspect/Princess Peach Showtime! [01007A3009184000][mods]/[4:3 WIP from 3440x1440 Adjusted UI v1.0.0]/exefs/1.0.0.pchtxt,1
Sonic Frontiers [01004AD014BF0000][mods],[21.9 Ultrawide v1.4.1],[21.9 Ultrawide v1.4.1]/exefs/1.4.1.pchtxt,3-2,generated-narrow-aspect/Sonic Frontiers [01004AD014BF0000][mods]/[3:2 WIP v1.4.1]/exefs/1.4.1.pchtxt,1
Sonic Frontiers [01004AD014BF0000][mods],[21.9 Ultrawide v1.4.1],[21.9 Ultrawide v1.4.1]/exefs/1.4.1.pchtxt,4-3,generated-narrow-aspect/Sonic Frontiers [01004AD014BF0000][mods]/[4:3 WIP v1.4.1]/exefs/1.4.1.pchtxt,1
Sonic Racing CrossWorlds [01006E001823C000][mods],[3440x1440 Ultrawide Adjusted HUD V1.31],[3440x1440 Ultrawide Adjusted HUD V1.31]/exefs/1.12.pchtxt,3-2,generated-narrow-aspect/Sonic Racing CrossWorlds [01006E001823C000][mods]/[3:2 WIP from 3440x1440 Adjusted HUD V1.31]/exefs/1.12.pchtxt,3
Sonic Racing CrossWorlds [01006E001823C000][mods],[3440x1440 Ultrawide Adjusted HUD V1.31],[3440x1440 Ultrawide Adjusted HUD V1.31]/exefs/1.12.pchtxt,4-3,generated-narrow-aspect/Sonic Racing CrossWorlds [01006E001823C000][mods]/[4:3 WIP from 3440x1440 Adjusted HUD V1.31]/exefs/1.12.pchtxt,3
Sonic Racing CrossWorlds [01006E001823C000][mods],[3440x1440 Ultrawide Adjusted HUD V1.31],[3440x1440 Ultrawide Adjusted HUD V1.31]/exefs/1.22.pchtxt,3-2,generated-narrow-aspect/Sonic Racing CrossWorlds [01006E001823C000][mods]/[3:2 WIP from 3440x1440 Adjusted HUD V1.31]/exefs/1.22.pchtxt,3
Sonic Racing CrossWorlds [01006E001823C000][mods],[3440x1440 Ultrawide Adjusted HUD V1.31],[3440x1440 Ultrawide Adjusted HUD V1.31]/exefs/1.22.pchtxt,4-3,generated-narrow-aspect/Sonic Racing CrossWorlds [01006E001823C000][mods]/[4:3 WIP from 3440x1440 Adjusted HUD V1.31]/exefs/1.22.pchtxt,3
Sonic Racing CrossWorlds [01006E001823C000][mods],[3440x1440 Ultrawide Adjusted HUD V1.31],[3440x1440 Ultrawide Adjusted HUD V1.31]/exefs/1.31.pchtxt,3-2,generated-narrow-aspect/Sonic Racing CrossWorlds [01006E001823C000][mods]/[3:2 WIP from 3440x1440 Adjusted HUD V1.31]/exefs/1.31.pchtxt,3
Sonic Racing CrossWorlds [01006E001823C000][mods],[3440x1440 Ultrawide Adjusted HUD V1.31],[3440x1440 Ultrawide Adjusted HUD V1.31]/exefs/1.31.pchtxt,4-3,generated-narrow-aspect/Sonic Racing CrossWorlds [01006E001823C000][mods]/[4:3 WIP from 3440x1440 Adjusted HUD V1.31]/exefs/1.31.pchtxt,3
Splatoon 2 [01003bc0000a0000][mods],[21.9 Ultrawide v5.5.1],[21.9 Ultrawide v5.5.1]/exefs/5.5.1.pchtxt,3-2,generated-narrow-aspect/Splatoon 2 [01003bc0000a0000][mods]/[3:2 WIP v5.5.1]/exefs/5.5.1.pchtxt,1
Splatoon 2 [01003bc0000a0000][mods],[21.9 Ultrawide v5.5.1],[21.9 Ultrawide v5.5.1]/exefs/5.5.1.pchtxt,4-3,generated-narrow-aspect/Splatoon 2 [01003bc0000a0000][mods]/[4:3 WIP v5.5.1]/exefs/5.5.1.pchtxt,1
Splatoon 3 [0100C2500FC20000][mods],[21.9 Ultrawide v9.3.0],[21.9 Ultrawide v9.3.0]/exefs/7.0.0.pchtxt,3-2,generated-narrow-aspect/Splatoon 3 [0100C2500FC20000][mods]/[3:2 WIP v9.3.0]/exefs/7.0.0.pchtxt,1
Splatoon 3 [0100C2500FC20000][mods],[21.9 Ultrawide v9.3.0],[21.9 Ultrawide v9.3.0]/exefs/7.0.0.pchtxt,4-3,generated-narrow-aspect/Splatoon 3 [0100C2500FC20000][mods]/[4:3 WIP v9.3.0]/exefs/7.0.0.pchtxt,1
Splatoon 3 [0100C2500FC20000][mods],[21.9 Ultrawide v9.3.0],[21.9 Ultrawide v9.3.0]/exefs/7.1.0.pchtxt,3-2,generated-narrow-aspect/Splatoon 3 [0100C2500FC20000][mods]/[3:2 WIP v9.3.0]/exefs/7.1.0.pchtxt,1
Splatoon 3 [0100C2500FC20000][mods],[21.9 Ultrawide v9.3.0],[21.9 Ultrawide v9.3.0]/exefs/7.1.0.pchtxt,4-3,generated-narrow-aspect/Splatoon 3 [0100C2500FC20000][mods]/[4:3 WIP v9.3.0]/exefs/7.1.0.pchtxt,1
Splatoon 3 [0100C2500FC20000][mods],[21.9 Ultrawide v9.3.0],[21.9 Ultrawide v9.3.0]/exefs/7.2.0.pchtxt,3-2,generated-narrow-aspect/Splatoon 3 [0100C2500FC20000][mods]/[3:2 WIP v9.3.0]/exefs/7.2.0.pchtxt,1
Splatoon 3 [0100C2500FC20000][mods],[21.9 Ultrawide v9.3.0],[21.9 Ultrawide v9.3.0]/exefs/7.2.0.pchtxt,4-3,generated-narrow-aspect/Splatoon 3 [0100C2500FC20000][mods]/[4:3 WIP v9.3.0]/exefs/7.2.0.pchtxt,1
Splatoon 3 [0100C2500FC20000][mods],[21.9 Ultrawide v9.3.0],[21.9 Ultrawide v9.3.0]/exefs/8.0.0.pchtxt,3-2,generated-narrow-aspect/Splatoon 3 [0100C2500FC20000][mods]/[3:2 WIP v9.3.0]/exefs/8.0.0.pchtxt,1
Splatoon 3 [0100C2500FC20000][mods],[21.9 Ultrawide v9.3.0],[21.9 Ultrawide v9.3.0]/exefs/8.0.0.pchtxt,4-3,generated-narrow-aspect/Splatoon 3 [0100C2500FC20000][mods]/[4:3 WIP v9.3.0]/exefs/8.0.0.pchtxt,1
Splatoon 3 [0100C2500FC20000][mods],[21.9 Ultrawide v9.3.0],[21.9 Ultrawide v9.3.0]/exefs/8.1.0 .pchtxt,3-2,generated-narrow-aspect/Splatoon 3 [0100C2500FC20000][mods]/[3:2 WIP v9.3.0]/exefs/8.1.0 .pchtxt,1
Splatoon 3 [0100C2500FC20000][mods],[21.9 Ultrawide v9.3.0],[21.9 Ultrawide v9.3.0]/exefs/8.1.0 .pchtxt,4-3,generated-narrow-aspect/Splatoon 3 [0100C2500FC20000][mods]/[4:3 WIP v9.3.0]/exefs/8.1.0 .pchtxt,1
Splatoon 3 [0100C2500FC20000][mods],[21.9 Ultrawide v9.3.0],[21.9 Ultrawide v9.3.0]/exefs/9.0.0.pchtxt,3-2,generated-narrow-aspect/Splatoon 3 [0100C2500FC20000][mods]/[3:2 WIP v9.3.0]/exefs/9.0.0.pchtxt,1
Splatoon 3 [0100C2500FC20000][mods],[21.9 Ultrawide v9.3.0],[21.9 Ultrawide v9.3.0]/exefs/9.0.0.pchtxt,4-3,generated-narrow-aspect/Splatoon 3 [0100C2500FC20000][mods]/[4:3 WIP v9.3.0]/exefs/9.0.0.pchtxt,1
Splatoon 3 [0100C2500FC20000][mods],[21.9 Ultrawide v9.3.0],[21.9 Ultrawide v9.3.0]/exefs/9.3.0.pchtxt,3-2,generated-narrow-aspect/Splatoon 3 [0100C2500FC20000][mods]/[3:2 WIP v9.3.0]/exefs/9.3.0.pchtxt,1
Splatoon 3 [0100C2500FC20000][mods],[21.9 Ultrawide v9.3.0],[21.9 Ultrawide v9.3.0]/exefs/9.3.0.pchtxt,4-3,generated-narrow-aspect/Splatoon 3 [0100C2500FC20000][mods]/[4:3 WIP v9.3.0]/exefs/9.3.0.pchtxt,1
Super Mario 3D World + Bowsers Fury [010028600EBDA000][mods],[21.9 Ultrawide v1.2.2],[21.9 Ultrawide v1.2.2]/exefs/1.1.0.pchtxt,3-2,generated-narrow-aspect/Super Mario 3D World + Bowsers Fury [010028600EBDA000][mods]/[3:2 WIP v1.2.2]/exefs/1.1.0.pchtxt,3
Super Mario 3D World + Bowsers Fury [010028600EBDA000][mods],[21.9 Ultrawide v1.2.2],[21.9 Ultrawide v1.2.2]/exefs/1.1.0.pchtxt,4-3,generated-narrow-aspect/Super Mario 3D World + Bowsers Fury [010028600EBDA000][mods]/[4:3 WIP v1.2.2]/exefs/1.1.0.pchtxt,3
Super Mario 3D World + Bowsers Fury [010028600EBDA000][mods],[21.9 Ultrawide v1.2.2],[21.9 Ultrawide v1.2.2]/exefs/1.2.2.pchtxt,3-2,generated-narrow-aspect/Super Mario 3D World + Bowsers Fury [010028600EBDA000][mods]/[3:2 WIP v1.2.2]/exefs/1.2.2.pchtxt,3
Super Mario 3D World + Bowsers Fury [010028600EBDA000][mods],[21.9 Ultrawide v1.2.2],[21.9 Ultrawide v1.2.2]/exefs/1.2.2.pchtxt,4-3,generated-narrow-aspect/Super Mario 3D World + Bowsers Fury [010028600EBDA000][mods]/[4:3 WIP v1.2.2]/exefs/1.2.2.pchtxt,3
Super Mario Galaxy 2 [0100fd8022daa000][mods],[21.9 Ultrawide v1.3.0],[21.9 Ultrawide v1.3.0]/exefs/1.0.0.pchtxt,3-2,generated-narrow-aspect/Super Mario Galaxy 2 [0100fd8022daa000][mods]/[3:2 WIP v1.3.0]/exefs/1.0.0.pchtxt,1
Super Mario Galaxy 2 [0100fd8022daa000][mods],[21.9 Ultrawide v1.3.0],[21.9 Ultrawide v1.3.0]/exefs/1.0.0.pchtxt,4-3,generated-narrow-aspect/Super Mario Galaxy 2 [0100fd8022daa000][mods]/[4:3 WIP v1.3.0]/exefs/1.0.0.pchtxt,1
Super Mario Galaxy 2 [0100fd8022daa000][mods],[21.9 Ultrawide v1.3.0],[21.9 Ultrawide v1.3.0]/exefs/1.2.0.pchtxt,3-2,generated-narrow-aspect/Super Mario Galaxy 2 [0100fd8022daa000][mods]/[3:2 WIP v1.3.0]/exefs/1.2.0.pchtxt,1
Super Mario Galaxy 2 [0100fd8022daa000][mods],[21.9 Ultrawide v1.3.0],[21.9 Ultrawide v1.3.0]/exefs/1.2.0.pchtxt,4-3,generated-narrow-aspect/Super Mario Galaxy 2 [0100fd8022daa000][mods]/[4:3 WIP v1.3.0]/exefs/1.2.0.pchtxt,1
Super Mario Galaxy 2 [0100fd8022daa000][mods],[21.9 Ultrawide v1.3.0],[21.9 Ultrawide v1.3.0]/exefs/1.3.0.pchtxt,3-2,generated-narrow-aspect/Super Mario Galaxy 2 [0100fd8022daa000][mods]/[3:2 WIP v1.3.0]/exefs/1.3.0.pchtxt,1
Super Mario Galaxy 2 [0100fd8022daa000][mods],[21.9 Ultrawide v1.3.0],[21.9 Ultrawide v1.3.0]/exefs/1.3.0.pchtxt,4-3,generated-narrow-aspect/Super Mario Galaxy 2 [0100fd8022daa000][mods]/[4:3 WIP v1.3.0]/exefs/1.3.0.pchtxt,1
Super Mario Galaxy [010099c022b96000][mods],[21.9 Ultrawide v1.3.0],[21.9 Ultrawide v1.3.0]/exefs/1.0.0.pchtxt,3-2,generated-narrow-aspect/Super Mario Galaxy [010099c022b96000][mods]/[3:2 WIP v1.3.0]/exefs/1.0.0.pchtxt,2
Super Mario Galaxy [010099c022b96000][mods],[21.9 Ultrawide v1.3.0],[21.9 Ultrawide v1.3.0]/exefs/1.0.0.pchtxt,4-3,generated-narrow-aspect/Super Mario Galaxy [010099c022b96000][mods]/[4:3 WIP v1.3.0]/exefs/1.0.0.pchtxt,2
Super Mario Galaxy [010099c022b96000][mods],[21.9 Ultrawide v1.3.0],[21.9 Ultrawide v1.3.0]/exefs/1.2.0.pchtxt,3-2,generated-narrow-aspect/Super Mario Galaxy [010099c022b96000][mods]/[3:2 WIP v1.3.0]/exefs/1.2.0.pchtxt,2
Super Mario Galaxy [010099c022b96000][mods],[21.9 Ultrawide v1.3.0],[21.9 Ultrawide v1.3.0]/exefs/1.2.0.pchtxt,4-3,generated-narrow-aspect/Super Mario Galaxy [010099c022b96000][mods]/[4:3 WIP v1.3.0]/exefs/1.2.0.pchtxt,2
Super Mario Galaxy [010099c022b96000][mods],[21.9 Ultrawide v1.3.0],[21.9 Ultrawide v1.3.0]/exefs/1.3.0.pchtxt,3-2,generated-narrow-aspect/Super Mario Galaxy [010099c022b96000][mods]/[3:2 WIP v1.3.0]/exefs/1.3.0.pchtxt,2
Super Mario Galaxy [010099c022b96000][mods],[21.9 Ultrawide v1.3.0],[21.9 Ultrawide v1.3.0]/exefs/1.3.0.pchtxt,4-3,generated-narrow-aspect/Super Mario Galaxy [010099c022b96000][mods]/[4:3 WIP v1.3.0]/exefs/1.3.0.pchtxt,2
Super Mario Party Jamboree [0100965017338000][mods],[21.9 Ultrawide Adjusted HUD v2.3.0],[21.9 Ultrawide Adjusted HUD v2.3.0]/exefs/1.1.0.pchtxt,3-2,generated-narrow-aspect/Super Mario Party Jamboree [0100965017338000][mods]/[3:2 WIP Adjusted HUD v2.3.0]/exefs/1.1.0.pchtxt,11
Super Mario Party Jamboree [0100965017338000][mods],[21.9 Ultrawide Adjusted HUD v2.3.0],[21.9 Ultrawide Adjusted HUD v2.3.0]/exefs/1.1.0.pchtxt,4-3,generated-narrow-aspect/Super Mario Party Jamboree [0100965017338000][mods]/[4:3 WIP Adjusted HUD v2.3.0]/exefs/1.1.0.pchtxt,11
Super Mario Party Jamboree [0100965017338000][mods],[21.9 Ultrawide Adjusted HUD v2.3.0],[21.9 Ultrawide Adjusted HUD v2.3.0]/exefs/1.1.1.pchtxt,3-2,generated-narrow-aspect/Super Mario Party Jamboree [0100965017338000][mods]/[3:2 WIP Adjusted HUD v2.3.0]/exefs/1.1.1.pchtxt,11
Super Mario Party Jamboree [0100965017338000][mods],[21.9 Ultrawide Adjusted HUD v2.3.0],[21.9 Ultrawide Adjusted HUD v2.3.0]/exefs/1.1.1.pchtxt,4-3,generated-narrow-aspect/Super Mario Party Jamboree [0100965017338000][mods]/[4:3 WIP Adjusted HUD v2.3.0]/exefs/1.1.1.pchtxt,11
Super Mario Party Jamboree [0100965017338000][mods],[21.9 Ultrawide Adjusted HUD v2.3.0],[21.9 Ultrawide Adjusted HUD v2.3.0]/exefs/2.3.0.pchtxt,3-2,generated-narrow-aspect/Super Mario Party Jamboree [0100965017338000][mods]/[3:2 WIP Adjusted HUD v2.3.0]/exefs/2.3.0.pchtxt,11
Super Mario Party Jamboree [0100965017338000][mods],[21.9 Ultrawide Adjusted HUD v2.3.0],[21.9 Ultrawide Adjusted HUD v2.3.0]/exefs/2.3.0.pchtxt,4-3,generated-narrow-aspect/Super Mario Party Jamboree [0100965017338000][mods]/[4:3 WIP Adjusted HUD v2.3.0]/exefs/2.3.0.pchtxt,11
Super Mario Party Jamboree [0100965017338000][mods],[21.9 Ultrawide Default HUD v2.3.0],[21.9 Ultrawide Default HUD v2.3.0]/exefs/1.1.0.pchtxt,3-2,generated-narrow-aspect/Super Mario Party Jamboree [0100965017338000][mods]/[3:2 WIP Default HUD v2.3.0]/exefs/1.1.0.pchtxt,11
Super Mario Party Jamboree [0100965017338000][mods],[21.9 Ultrawide Default HUD v2.3.0],[21.9 Ultrawide Default HUD v2.3.0]/exefs/1.1.0.pchtxt,4-3,generated-narrow-aspect/Super Mario Party Jamboree [0100965017338000][mods]/[4:3 WIP Default HUD v2.3.0]/exefs/1.1.0.pchtxt,11
Super Mario Party Jamboree [0100965017338000][mods],[21.9 Ultrawide Default HUD v2.3.0],[21.9 Ultrawide Default HUD v2.3.0]/exefs/1.1.1.pchtxt,3-2,generated-narrow-aspect/Super Mario Party Jamboree [0100965017338000][mods]/[3:2 WIP Default HUD v2.3.0]/exefs/1.1.1.pchtxt,11
Super Mario Party Jamboree [0100965017338000][mods],[21.9 Ultrawide Default HUD v2.3.0],[21.9 Ultrawide Default HUD v2.3.0]/exefs/1.1.1.pchtxt,4-3,generated-narrow-aspect/Super Mario Party Jamboree [0100965017338000][mods]/[4:3 WIP Default HUD v2.3.0]/exefs/1.1.1.pchtxt,11
Super Mario Party Jamboree [0100965017338000][mods],[21.9 Ultrawide Default HUD v2.3.0],[21.9 Ultrawide Default HUD v2.3.0]/exefs/2.3.0.pchtxt,3-2,generated-narrow-aspect/Super Mario Party Jamboree [0100965017338000][mods]/[3:2 WIP Default HUD v2.3.0]/exefs/2.3.0.pchtxt,11
Super Mario Party Jamboree [0100965017338000][mods],[21.9 Ultrawide Default HUD v2.3.0],[21.9 Ultrawide Default HUD v2.3.0]/exefs/2.3.0.pchtxt,4-3,generated-narrow-aspect/Super Mario Party Jamboree [0100965017338000][mods]/[4:3 WIP Default HUD v2.3.0]/exefs/2.3.0.pchtxt,11
Super Mario RPG [0100BC0018138000][mods],[Ultrawide v1.0.1],[Ultrawide v1.0.1]/exefs/1.0.1.pchtxt,3-2,generated-narrow-aspect/Super Mario RPG [0100BC0018138000][mods]/[3:2 WIP v1.0.1]/exefs/1.0.1.pchtxt,1
Super Mario RPG [0100BC0018138000][mods],[Ultrawide v1.0.1],[Ultrawide v1.0.1]/exefs/1.0.1.pchtxt,4-3,generated-narrow-aspect/Super Mario RPG [0100BC0018138000][mods]/[4:3 WIP v1.0.1]/exefs/1.0.1.pchtxt,1
Super Smash Bros Ultimate [01006A800016E000][mods],[21.9 Original Camera v13.0.4],[21.9 Original Camera v13.0.4]/exefs/13.0.1.pchtxt,3-2,generated-narrow-aspect/Super Smash Bros Ultimate [01006A800016E000][mods]/[3:2 WIP] [21.9 Original Camera v13.0.4]/exefs/13.0.1.pchtxt,7
Super Smash Bros Ultimate [01006A800016E000][mods],[21.9 Original Camera v13.0.4],[21.9 Original Camera v13.0.4]/exefs/13.0.1.pchtxt,4-3,generated-narrow-aspect/Super Smash Bros Ultimate [01006A800016E000][mods]/[4:3 WIP] [21.9 Original Camera v13.0.4]/exefs/13.0.1.pchtxt,7
Super Smash Bros Ultimate [01006A800016E000][mods],[21.9 Original Camera v13.0.4],[21.9 Original Camera v13.0.4]/exefs/13.0.2.pchtxt,3-2,generated-narrow-aspect/Super Smash Bros Ultimate [01006A800016E000][mods]/[3:2 WIP] [21.9 Original Camera v13.0.4]/exefs/13.0.2.pchtxt,7
Super Smash Bros Ultimate [01006A800016E000][mods],[21.9 Original Camera v13.0.4],[21.9 Original Camera v13.0.4]/exefs/13.0.2.pchtxt,4-3,generated-narrow-aspect/Super Smash Bros Ultimate [01006A800016E000][mods]/[4:3 WIP] [21.9 Original Camera v13.0.4]/exefs/13.0.2.pchtxt,7
Super Smash Bros Ultimate [01006A800016E000][mods],[21.9 Original Camera v13.0.4],[21.9 Original Camera v13.0.4]/exefs/13.0.3.pchtxt,3-2,generated-narrow-aspect/Super Smash Bros Ultimate [01006A800016E000][mods]/[3:2 WIP] [21.9 Original Camera v13.0.4]/exefs/13.0.3.pchtxt,7
Super Smash Bros Ultimate [01006A800016E000][mods],[21.9 Original Camera v13.0.4],[21.9 Original Camera v13.0.4]/exefs/13.0.3.pchtxt,4-3,generated-narrow-aspect/Super Smash Bros Ultimate [01006A800016E000][mods]/[4:3 WIP] [21.9 Original Camera v13.0.4]/exefs/13.0.3.pchtxt,7
Super Smash Bros Ultimate [01006A800016E000][mods],[21.9 Original Camera v13.0.4],[21.9 Original Camera v13.0.4]/exefs/13.0.4.pchtxt,3-2,generated-narrow-aspect/Super Smash Bros Ultimate [01006A800016E000][mods]/[3:2 WIP] [21.9 Original Camera v13.0.4]/exefs/13.0.4.pchtxt,7
Super Smash Bros Ultimate [01006A800016E000][mods],[21.9 Original Camera v13.0.4],[21.9 Original Camera v13.0.4]/exefs/13.0.4.pchtxt,4-3,generated-narrow-aspect/Super Smash Bros Ultimate [01006A800016E000][mods]/[4:3 WIP] [21.9 Original Camera v13.0.4]/exefs/13.0.4.pchtxt,7
The Legend of Zelda Breath of the Wild [01007EF00011E000][mods],[21.9 Ultrawide v1.6.0],[21.9 Ultrawide v1.6.0]/exefs/1.6.0.pchtxt,3-2,generated-narrow-aspect/The Legend of Zelda Breath of the Wild [01007EF00011E000][mods]/[3:2 WIP v1.6.0]/exefs/1.6.0.pchtxt,3
The Legend of Zelda Breath of the Wild [01007EF00011E000][mods],[21.9 Ultrawide v1.6.0],[21.9 Ultrawide v1.6.0]/exefs/1.6.0.pchtxt,4-3,generated-narrow-aspect/The Legend of Zelda Breath of the Wild [01007EF00011E000][mods]/[4:3 WIP v1.6.0]/exefs/1.6.0.pchtxt,3
The Legend of Zelda Echoes of Wisdom [01008CF01BAAC800][mods],[21.9 Ultrawide Adjusted HUD v1.0.2],[21.9 Ultrawide Adjusted HUD v1.0.2]/exefs/1.0.1.pchtxt,3-2,generated-narrow-aspect/The Legend of Zelda Echoes of Wisdom [01008CF01BAAC800][mods]/[3:2 WIP Adjusted HUD v1.0.2]/exefs/1.0.1.pchtxt,1
The Legend of Zelda Echoes of Wisdom [01008CF01BAAC800][mods],[21.9 Ultrawide Adjusted HUD v1.0.2],[21.9 Ultrawide Adjusted HUD v1.0.2]/exefs/1.0.1.pchtxt,4-3,generated-narrow-aspect/The Legend of Zelda Echoes of Wisdom [01008CF01BAAC800][mods]/[4:3 WIP Adjusted HUD v1.0.2]/exefs/1.0.1.pchtxt,1
The Legend of Zelda Echoes of Wisdom [01008CF01BAAC800][mods],[21.9 Ultrawide Adjusted HUD v1.0.2],[21.9 Ultrawide Adjusted HUD v1.0.2]/exefs/1.0.2.pchtxt,3-2,generated-narrow-aspect/The Legend of Zelda Echoes of Wisdom [01008CF01BAAC800][mods]/[3:2 WIP Adjusted HUD v1.0.2]/exefs/1.0.2.pchtxt,1
The Legend of Zelda Echoes of Wisdom [01008CF01BAAC800][mods],[21.9 Ultrawide Adjusted HUD v1.0.2],[21.9 Ultrawide Adjusted HUD v1.0.2]/exefs/1.0.2.pchtxt,4-3,generated-narrow-aspect/The Legend of Zelda Echoes of Wisdom [01008CF01BAAC800][mods]/[4:3 WIP Adjusted HUD v1.0.2]/exefs/1.0.2.pchtxt,1
The Legend of Zelda Echoes of Wisdom [01008CF01BAAC800][mods],[21.9 Ultrawide Default HUD v1.0.2],[21.9 Ultrawide Default HUD v1.0.2]/exefs/1.0.1.pchtxt,3-2,generated-narrow-aspect/The Legend of Zelda Echoes of Wisdom [01008CF01BAAC800][mods]/[3:2 WIP Default HUD v1.0.2]/exefs/1.0.1.pchtxt,1
The Legend of Zelda Echoes of Wisdom [01008CF01BAAC800][mods],[21.9 Ultrawide Default HUD v1.0.2],[21.9 Ultrawide Default HUD v1.0.2]/exefs/1.0.1.pchtxt,4-3,generated-narrow-aspect/The Legend of Zelda Echoes of Wisdom [01008CF01BAAC800][mods]/[4:3 WIP Default HUD v1.0.2]/exefs/1.0.1.pchtxt,1
The Legend of Zelda Echoes of Wisdom [01008CF01BAAC800][mods],[21.9 Ultrawide Default HUD v1.0.2],[21.9 Ultrawide Default HUD v1.0.2]/exefs/1.0.2.pchtxt,3-2,generated-narrow-aspect/The Legend of Zelda Echoes of Wisdom [01008CF01BAAC800][mods]/[3:2 WIP Default HUD v1.0.2]/exefs/1.0.2.pchtxt,1
The Legend of Zelda Echoes of Wisdom [01008CF01BAAC800][mods],[21.9 Ultrawide Default HUD v1.0.2],[21.9 Ultrawide Default HUD v1.0.2]/exefs/1.0.2.pchtxt,4-3,generated-narrow-aspect/The Legend of Zelda Echoes of Wisdom [01008CF01BAAC800][mods]/[4:3 WIP Default HUD v1.0.2]/exefs/1.0.2.pchtxt,1
The Legend of Zelda Echoes of Wisdom [01008CF01BAAC800][mods],[2580x1080 21.9 Ultrawide Adjusted HUD v1.0.2],[2580x1080 21.9 Ultrawide Adjusted HUD v1.0.2]/exefs/1.0.1.pchtxt,3-2,generated-narrow-aspect/The Legend of Zelda Echoes of Wisdom [01008CF01BAAC800][mods]/[3:2 WIP from 2580x1080 Adjusted HUD v1.0.2]/exefs/1.0.1.pchtxt,4
The Legend of Zelda Echoes of Wisdom [01008CF01BAAC800][mods],[2580x1080 21.9 Ultrawide Adjusted HUD v1.0.2],[2580x1080 21.9 Ultrawide Adjusted HUD v1.0.2]/exefs/1.0.1.pchtxt,4-3,generated-narrow-aspect/The Legend of Zelda Echoes of Wisdom [01008CF01BAAC800][mods]/[4:3 WIP from 2580x1080 Adjusted HUD v1.0.2]/exefs/1.0.1.pchtxt,4
The Legend of Zelda Echoes of Wisdom [01008CF01BAAC800][mods],[2580x1080 21.9 Ultrawide Adjusted HUD v1.0.2],[2580x1080 21.9 Ultrawide Adjusted HUD v1.0.2]/exefs/1.0.2.pchtxt,3-2,generated-narrow-aspect/The Legend of Zelda Echoes of Wisdom [01008CF01BAAC800][mods]/[3:2 WIP from 2580x1080 Adjusted HUD v1.0.2]/exefs/1.0.2.pchtxt,4
The Legend of Zelda Echoes of Wisdom [01008CF01BAAC800][mods],[2580x1080 21.9 Ultrawide Adjusted HUD v1.0.2],[2580x1080 21.9 Ultrawide Adjusted HUD v1.0.2]/exefs/1.0.2.pchtxt,4-3,generated-narrow-aspect/The Legend of Zelda Echoes of Wisdom [01008CF01BAAC800][mods]/[4:3 WIP from 2580x1080 Adjusted HUD v1.0.2]/exefs/1.0.2.pchtxt,4
Tomodachi Life Living the Dream [010051F0207B2000][mods],[21.9 Ultrawide v1.0.2],[21.9 Ultrawide v1.0.2]/exefs/1.0.2.pchtxt,3-2,generated-narrow-aspect/Tomodachi Life Living the Dream [010051F0207B2000][mods]/[3:2 WIP v1.0.2]/exefs/1.0.2.pchtxt,1
Tomodachi Life Living the Dream [010051F0207B2000][mods],[21.9 Ultrawide v1.0.2],[21.9 Ultrawide v1.0.2]/exefs/1.0.2.pchtxt,4-3,generated-narrow-aspect/Tomodachi Life Living the Dream [010051F0207B2000][mods]/[4:3 WIP v1.0.2]/exefs/1.0.2.pchtxt,1
Unicorn Overlord [010069401ADB8000][US][JP][mods],[21.9 Ultrawide v1.01][Asia],[21.9 Ultrawide v1.01][Asia]/exefs/1.01.pchtxt,3-2,generated-narrow-aspect/Unicorn Overlord [010069401ADB8000][US][JP][mods]/[3:2 WIP v1.01][Asia]/exefs/1.01.pchtxt,3
Unicorn Overlord [010069401ADB8000][US][JP][mods],[21.9 Ultrawide v1.01][Asia],[21.9 Ultrawide v1.01][Asia]/exefs/1.01.pchtxt,4-3,generated-narrow-aspect/Unicorn Overlord [010069401ADB8000][US][JP][mods]/[4:3 WIP v1.01][Asia]/exefs/1.01.pchtxt,3
Unicorn Overlord [010069401ADB8000][US][JP][mods],[21.9 Ultrawide v1.05][US],[21.9 Ultrawide v1.05][US]/exefs/1.01.pchtxt,3-2,generated-narrow-aspect/Unicorn Overlord [010069401ADB8000][US][JP][mods]/[3:2 WIP v1.05][US]/exefs/1.01.pchtxt,3
Unicorn Overlord [010069401ADB8000][US][JP][mods],[21.9 Ultrawide v1.05][US],[21.9 Ultrawide v1.05][US]/exefs/1.01.pchtxt,4-3,generated-narrow-aspect/Unicorn Overlord [010069401ADB8000][US][JP][mods]/[4:3 WIP v1.05][US]/exefs/1.01.pchtxt,3
Unicorn Overlord [010069401ADB8000][US][JP][mods],[21.9 Ultrawide v1.05][US],[21.9 Ultrawide v1.05][US]/exefs/1.05.pchtxt,3-2,generated-narrow-aspect/Unicorn Overlord [010069401ADB8000][US][JP][mods]/[3:2 WIP v1.05][US]/exefs/1.05.pchtxt,3
Unicorn Overlord [010069401ADB8000][US][JP][mods],[21.9 Ultrawide v1.05][US],[21.9 Ultrawide v1.05][US]/exefs/1.05.pchtxt,4-3,generated-narrow-aspect/Unicorn Overlord [010069401ADB8000][US][JP][mods]/[4:3 WIP v1.05][US]/exefs/1.05.pchtxt,3
Xenoblade Chronicles 2 [0100E95004038000][mods],[21.9 Ultrawide v2.1.0],[21.9 Ultrawide v2.1.0]/exefs/2.1.0.pchtxt,3-2,generated-narrow-aspect/Xenoblade Chronicles 2 [0100E95004038000][mods]/[3:2 WIP v2.1.0]/exefs/2.1.0.pchtxt,3
Xenoblade Chronicles 2 [0100E95004038000][mods],[21.9 Ultrawide v2.1.0],[21.9 Ultrawide v2.1.0]/exefs/2.1.0.pchtxt,4-3,generated-narrow-aspect/Xenoblade Chronicles 2 [0100E95004038000][mods]/[4:3 WIP v2.1.0]/exefs/2.1.0.pchtxt,3
